{
  "required": true,
  "package": "de.cristelknight.doapi.forge.mixin",
  "compatibilityLevel": "JAVA_17",
  "minVersion": "0.8",
  "client": [
    "sign.MixinHangingSignBlockEntityRenderer",
    "sign.MixinHangingSignEditScreen",
    "sign.MixinSignBlockEntityRenderer",
    "sign.MixinSignEditScreen",
    "sign.MixinTexturedRenderLayers"
  ],
  "mixins": [
    "sign.MixinAbstractBlockSettings",
    "sign.MixinBlockEntityType",
    "boat.MixinBoatEntity",
    "FireBlockMixin"
  ],
  "injectors": {
    "defaultRequire": 1
  }
}